day,served_fraction,buildable_cells,occupied_cells,empty_buildable_cells,new_residential,mean_service_lifetime,total_money,mean_money,pv_kw,battery_kwh,residential_cells,commercial_cells,commercial_share,cables,cable_builds,shared_kwh,transit_fees,requests,successes,agreement_components,largest_agreement_component,mean_agreement_component_size,agreement_depth_index,invest_pv,invest_battery,invest_floor,invest_commercial
1,0.0,419,1,418,1,0.0,6264.680141826526,6264.680141826526,2.0,0.0,1,0,0.0,0,0,0.0,0.0,24,0,0,0,0.0,0.0,1,0,0,0
2,0.12590949152565029,419,2,417,1,0.062232594911389084,6251.1605687177425,3125.5802843588713,4.0,0.0,1,1,0.5,0,0,0.0,0.0,48,0,0,0,0.0,0.0,1,0,0,1
3,0.0670557374690448,419,3,416,1,0.05697090389508332,10401.233200752415,3467.077733584138,6.0,0.0,2,1,0.3333333333333333,0,0,0.0,0.0,72,0,0,0,0.0,0.0,1,0,0,0
4,0.10088212255695365,419,4,415,1,0.07579462561346245,16041.050251622424,4010.262562905606,8.0,0.0,3,1,0.25,0,0,0.0,0.0,96,0,0,0,0.0,0.0,1,0,0,0
5,0.16911873407739886,419,5,414,1,0.11241970892942914,22902.433494012737,4580.486698802548,10.0,0.0,4,1,0.2,0,0,0.0,0.0,120,0,0,0,0.0,0.0,1,0,0,0
6,0.1350516629660324,419,6,413,1,0.12285177703123917,23966.165250965332,3994.3608751608886,12.0,10.0,5,1,0.16666666666666666,1,1,0.031057910994670423,0.0,140,1,1,2,2.0,1.0,1,1,0,0
7,0.1463916389945156,419,7,412,1,0.13242236801391458,26140.631127941953,3734.375875420279,14.0,20.0,6,1,0.14285714285714285,1,0,0.0,0.0,168,0,1,2,2.0,1.0,1,1,0,0
8,0.15840727435805352,419,8,411,1,0.1391610253318106,28237.824046995054,3529.728005874382,16.0,30.0,7,1,0.125,1,0,0.0,0.0,192,0,1,2,2.0,1.0,1,1,0,0
9,0.1714626490116853,419,9,410,1,0.14897771860398,27172.270244537347,3019.1411382819274,18.0,40.0,8,1,0.1111111111111111,2,1,0.04650102485168346,0.0,212,4,2,2,2.0,1.0,1,1,0,0
10,0.1663633265562336,419,10,409,1,0.1539560360229873,32212.065389756845,3221.2065389756845,20.0,40.0,9,1,0.1,2,0,0.0,0.0,240,0,2,2,2.0,1.0,1,0,0,0
11,0.24166645547940044,419,11,408,1,0.16942189008090333,34934.5462234598,3175.8678384963455,22.0,40.0,9,2,0.18181818181818182,2,0,0.0,0.0,264,0,2,2,2.0,1.0,1,0,0,1
12,0.2065003890725523,419,12,407,1,0.18106744927398302,36176.13179016597,3014.6776491804976,24.0,50.0,10,2,0.16666666666666666,3,1,0.3694772540883244,0.0,266,2,3,2,2.0,1.0,1,1,0,0
13,0.20143787903774432,419,13,406,1,0.1864055806814172,43411.480062809445,3339.3446202161113,26.0,50.0,11,2,0.15384615384615385,3,0,0.009946625523568738,0.0,291,1,3,2,2.0,1.0,1,0,0,0
14,0.19828391562082506,419,14,405,1,0.1903598058004803,44785.52125447665,3198.965803891189,28.0,60.0,12,2,0.14285714285714285,3,0,0.0,0.0,336,0,3,2,2.0,1.0,1,1,0,0
15,0.20655035407990205,419,15,404,1,0.1947481776653471,51442.520957330795,3429.5013971553863,30.0,60.0,13,2,0.13333333333333333,3,0,0.016194495006944032,0.0,356,1,3,2,2.0,1.0,1,0,0,0
16,0.2323644770844528,419,16,403,1,0.20248902783573786,51703.642169603714,3231.477635600232,32.0,70.0,14,2,0.125,3,0,0.0,0.0,384,0,3,2,2.0,1.0,1,1,0,0
17,0.1613628006201026,419,17,402,1,0.19708218707003192,56632.31715405515,3331.3127737679497,34.0,70.0,15,2,0.11764705882352941,3,0,0.0,0.0,408,0,3,2,2.0,1.0,1,0,0,0
18,0.19374488667475648,419,18,401,1,0.19987758734466354,63390.616204736165,3521.7009002631203,36.0,70.0,16,2,0.1111111111111111,3,0,0.0,0.0,432,0,3,2,2.0,1.0,1,0,0,0
19,0.10673694194021031,419,19,400,1,0.18500582572260485,64418.548581660754,3390.449925350566,38.0,80.0,17,2,0.10526315789473684,3,0,0.0,0.0,456,0,3,2,2.0,1.0,1,1,0,0
20,0.21402079760887874,419,20,399,1,0.19217855350641497,68787.60036989512,3439.3800184947563,40.0,80.0,18,2,0.1,5,2,0.26414151572042266,0.0011233331391978761,433,4,4,3,2.25,1.584962500721156,1,0,0,0
21,0.17755755146953045,419,21,398,1,0.19129018798976735,74012.80845738291,3524.4194503515673,42.0,80.0,19,2,0.09523809523809523,5,0,0.0,0.0,504,0,4,3,2.25,1.584962500721156,1,0,0,0
22,0.26631820377028514,419,22,397,1,0.20101785361734265,75406.92484837446,3427.58749310793,44.0,80.0,19,3,0.13636363636363635,7,2,0.31070028995605203,0.0015826641816953394,466,7,5,3,2.4,1.584962500721156,1,0,0,1
23,0.21859897317996926,419,23,396,1,0.20511444692693487,81522.40413949697,3544.4523538911726,46.0,80.0,20,3,0.13043478260869565,9,2,0.30026692928153464,0.0017254594949719015,513,5,5,4,2.8,2.0,1,0,0,0
24,0.14008563818559255,419,24,395,1,0.1949244204420354,81861.97142653604,3410.9154761056684,48.0,90.0,21,3,0.125,9,0,0.0,0.0,576,0,5,4,2.8,2.0,1,1,0,0
25,0.15239330961234784,419,25,394,1,0.18992436006845062,87023.77772018549,3480.9511088074196,50.0,90.0,22,3,0.12,10,1,0.009149581127560884,1.5065275831436646e-05,599,2,4,5,3.5,2.321928094887362,1,0,0,0
26,0.1749814752331811,419,26,393,1,0.18997263910282258,93313.5239569506,3588.981690651946,52.0,90.0,23,3,0.11538461538461539,11,1,0.30731332857059046,0.0016336965759534972,600,4,4,5,3.75,2.321928094887362,1,0,0,0
27,0.19887911759765373,419,27,392,1,0.1923489221018152,100390.9817526683,3718.1845093580855,54.0,90.0,24,3,0.1111111111111111,12,1,0.4290860799139717,0.00029723812325878346,581,9,5,5,3.4,2.321928094887362,1,0,0,0
28,0.2349404374307386,419,28,391,1,0.1960467482583438,101572.46157065289,3627.587913237603,56.0,100.0,25,3,0.10714285714285714,12,0,0.8573191502853985,0.0015180185092991054,585,6,5,5,3.4,2.321928094887362,1,1,0,0
29,0.10887038629570572,419,29,390,1,0.18696371158560485,106817.48883044579,3683.3616838084754,58.0,100.0,26,3,0.10344827586206896,12,0,0.0,0.0,696,0,5,5,3.4,2.321928094887362,1,0,0,0
30,0.13124978184808375,419,30,389,1,0.18239965746554226,111508.78017303876,3716.959339101292,60.0,100.0,27,3,0.1,12,0,0.0,0.0,720,0,5,5,3.4,2.321928094887362,1,0,0,0
31,0.04957691644836687,419,31,388,1,0.17028330160739716,116510.24032646247,3758.394849240725,62.0,100.0,28,3,0.0967741935483871,12,0,0.0,0.0,744,0,5,5,3.4,2.321928094887362,1,0,0,0
32,0.0804758154782626,419,32,387,1,0.16370622957879064,123786.22220611405,3868.319443941064,64.0,100.0,29,3,0.09375,12,0,0.0,0.0,768,0,5,5,3.4,2.321928094887362,1,0,0,0
33,0.09613462720961523,419,33,386,1,0.1593343456732792,123921.17925442145,3755.1872501339835,66.0,110.0,30,3,0.09090909090909091,12,0,0.0,0.0,792,0,5,5,3.4,2.321928094887362,1,1,0,0
34,0.1724352618012817,419,34,385,1,0.16222764677309268,126592.31697500245,3723.3034404412488,68.0,110.0,31,3,0.08823529411764706,16,4,0.044893870766565064,0.00022133211814622176,793,8,5,6,4.2,2.584962500721156,1,0,0,0
35,0.12435199907745084,419,35,384,1,0.16037504167272779,132679.6650498517,3790.8475728529056,70.0,110.0,32,3,0.08571428571428572,16,0,0.00037601127348614995,1.3536405845501398e-05,839,1,5,6,4.2,2.584962500721156,1,0,0,0
36,0.3895372020183574,419,36,383,1,0.18172250563376854,130479.7750714452,3624.4381964290333,72.0,120.0,32,4,0.1111111111111111,17,1,5.094707225761626,0.04525522984620279,622,20,5,6,4.4,2.584962500721156,1,1,0,1
37,0.09522152647859261,419,37,382,1,0.1727628088827346,131283.88281820496,3548.2130491406747,74.0,130.0,33,4,0.10810810810810811,17,0,0.004528000356664917,0.00016300801283993704,886,1,5,6,4.4,2.584962500721156,1,1,0,0
38,0.3111259281709305,419,38,381,1,0.18461044447332045,137860.83100818505,3627.916605478554,76.0,130.0,34,4,0.10526315789473684,19,2,4.416750127825358,0.01390552675759109,699,16,6,6,4.166666666666667,2.584962500721156,1,0,0,0
39,0.39593837602050164,419,39,380,1,0.20269266858661208,146737.2116839589,3762.4926072809976,78.0,130.0,35,4,0.10256410256410256,20,1,8.109299138674338,0.0,671,30,7,6,3.857142857142857,2.584962500721156,1,0,0,0
40,0.3843375200052799,419,40,379,1,0.21493150263194782,144405.3031263896,3610.1325781597398,80.0,150.0,36,4,0.1,21,1,6.667928449364693,0.0,691,27,7,6,4.0,2.584962500721156,1,2,0,0
41,0.36141345140975556,419,41,378,1,0.2274105583080724,153530.13984899715,3744.6375572926136,82.0,150.0,37,4,0.0975609756097561,21,0,4.019788635207797,9.253251364438599e-05,773,17,7,6,4.0,2.584962500721156,1,0,0,0
42,0.15466215763492783,419,42,377,1,0.21712357491804934,155341.89948397985,3698.616654380473,84.0,160.0,38,4,0.09523809523809523,21,0,0.0,0.0,1008,0,7,6,4.0,2.584962500721156,1,1,0,0
43,0.13279878932772282,419,43,376,1,0.20789284996870097,163105.14901864543,3793.143000433615,86.0,160.0,39,4,0.09302325581395349,21,0,0.0,0.0,1032,0,7,6,4.0,2.584962500721156,1,0,0,0
44,0.1324661542404088,419,44,375,1,0.201622634520296,164993.67897676758,3749.8563403810813,88.0,170.0,40,4,0.09090909090909091,21,0,0.20197139680021062,0.0,1016,4,7,6,4.0,2.584962500721156,1,1,0,0
45,0.2172614278826853,419,45,374,1,0.20539704673649875,169218.83538438784,3760.4185640975074,90.0,170.0,41,4,0.08888888888888889,25,4,2.836542077945845,0.008662694993334684,919,24,6,12,5.166666666666667,3.584962500721156,1,0,0,0
46,0.20433994415848167,419,46,373,1,0.20633811425002632,174268.47931467474,3788.445202492929,92.0,170.0,42,4,0.08695652173913043,27,2,2.23989560900776,0.0005578275956275034,991,18,6,13,5.5,3.700439718141092,1,0,0,0
47,0.17852898044214274,419,47,372,1,0.20424441646705435,179914.19770402153,3827.9616532770538,94.0,170.0,43,4,0.0851063829787234,28,1,0.9893141506525722,0.0,1071,5,6,14,5.666666666666667,3.807354922057604,1,0,0,0
48,0.24752509619251534,419,48,371,1,0.20770902602920246,183182.84036553671,3816.3091742820147,96.0,180.0,44,4,0.08333333333333333,29,1,5.724587237255358,0.0,923,20,7,14,5.142857142857143,3.807354922057604,1,1,0,0
49,0.1858112295578497,419,49,370,1,0.20739564704514993,189893.72876353725,3875.3822196640253,98.0,180.0,45,4,0.08163265306122448,29,0,0.0,0.0,1176,0,7,14,5.142857142857143,3.807354922057604,1,0,0,0
50,0.10793623702334693,419,50,369,1,0.19663125441011062,191700.2548522055,3834.00509704411,100.0,190.0,46,4,0.08,29,0,0.0,0.0,1200,0,7,14,5.142857142857143,3.807354922057604,1,1,0,0
51,0.20451341048726068,419,51,368,1,0.19914107030863953,196126.20560456708,3845.6118745993545,102.0,190.0,47,4,0.0784313725490196,31,2,0.4449715287035059,0.0008227067415786183,1162,12,7,15,5.428571428571429,3.9068905956085187,1,0,0,0
52,0.24012333004574388,419,52,367,1,0.2032028240105563,192818.02001922633,3708.0388465235833,104.0,200.0,47,5,0.09615384615384616,32,1,1.9127366302404232,0.0037585203395348724,1090,15,7,15,5.571428571428571,3.9068905956085187,1,1,0,1
53,0.1589584255265708,419,53,366,1,0.2003741901827239,201190.53100874225,3796.0477548819294,106.0,200.0,48,5,0.09433962264150944,32,0,0.0,0.0,1272,0,7,15,5.571428571428571,3.9068905956085187,1,0,0,0
54,0.12413079378499356,419,54,365,1,0.1943214323654951,202323.34416759684,3746.728595696238,108.0,210.0,49,5,0.09259259259259259,32,0,0.0,0.0,1296,0,7,15,5.571428571428571,3.9068905956085187,1,1,0,0
55,0.1285870650523826,419,55,364,1,0.18972348256440044,209035.68344194305,3800.64878985351,110.0,210.0,50,5,0.09090909090909091,32,0,0.0,0.0,1320,0,7,15,5.571428571428571,3.9068905956085187,1,0,0,0
56,0.23646032308165768,419,56,363,1,0.19395896489437897,210688.86269759887,3762.3011195999798,112.0,220.0,51,5,0.08928571428571429,33,1,5.874106835414244,0.03748157858986603,1085,20,7,15,5.714285714285714,3.9068905956085187,1,1,0,0
57,0.2543728712610001,419,57,362,1,0.1998981299653564,218336.93862275197,3830.472607416701,114.0,220.0,52,5,0.08771929824561403,33,0,0.0,0.0,1368,0,7,15,5.714285714285714,3.9068905956085187,1,0,0,0
58,0.2173643439534389,419,58,361,1,0.20187956825317088,225923.1127126308,3895.226081252255,116.0,220.0,53,5,0.08620689655172414,34,1,2.3197538794898858,0.012353018675904184,1198,18,7,15,5.857142857142857,3.9068905956085187,1,0,0,0
59,0.21156625717985333,419,59,360,1,0.20321734995045398,233768.26471760008,3962.173978264408,118.0,220.0,54,5,0.0847457627118644,34,0,0.004393459030886597,0.0001581645251119175,1414,1,7,15,5.857142857142857,3.9068905956085187,1,0,0,0
60,0.16137660562474318,419,60,359,1,0.20112685138156416,242151.88544394806,4035.8647573991343,120.0,220.0,55,5,0.08333333333333333,34,0,0.0,0.0,1440,0,7,15,5.857142857142857,3.9068905956085187,1,0,0,0
61,0.21397556308023355,419,61,358,1,0.20314813341434534,245998.05695396973,4032.7550320322907,122.0,230.0,56,5,0.08196721311475409,34,0,0.020414758540470895,0.0007152070014458566,1461,2,7,15,5.857142857142857,3.9068905956085187,1,1,0,0
62,0.22876732692974477,419,62,357,1,0.20603764601093402,243180.9055185483,3922.272669654005,124.0,240.0,56,6,0.0967741935483871,35,1,0.06096208784939966,0.0005619264429417938,1477,4,7,15,6.0,3.9068905956085187,1,1,0,1
63,0.1449336236791736,419,63,356,1,0.20183637597609458,249420.94021941558,3959.0625431653266,126.0,240.0,57,6,0.09523809523809523,37,2,1.3521543948334,0.008207391272331012,1359,20,8,16,5.625,4.0,1,0,0,0
64,0.16063843019195234,419,64,355,1,0.1999855225167167,251956.87155590137,3936.826118060959,128.0,250.0,58,6,0.09375,38,1,3.585341139209136,0.019417756841217246,1330,18,8,16,5.75,4.0,1,1,0,0
65,0.3368892678597964,419,65,354,1,0.20723128553780693,257148.78489388718,3956.135152213649,130.0,250.0,58,7,0.1076923076923077,40,2,9.375417829919357,0.0670637271112332,1170,34,8,17,6.0,4.087462841250339,1,0,0,1
66,0.43841516617750137,419,66,353,1,0.21736370904299757,253072.54273708657,3834.432465713433,134.0,270.0,59,7,0.10606060606060606,41,1,10.314399646657145,0.061402910316403034,1096,39,8,17,6.125,4.087462841250339,2,2,0,0
67,0.44994589018082787,419,67,352,1,0.2278603233234568,257905.0954089504,3849.3297822231402,136.0,280.0,60,7,0.1044776119402985,42,1,9.86783054374897,0.0703150542895667,1036,35,8,18,6.25,4.169925001442312,1,1,0,0
68,0.3498687001860889,419,68,351,1,0.23317463546136794,260929.79465617135,3837.202862590755,138.0,290.0,61,7,0.10294117647058823,43,1,2.661861388760343,0.020681228738930125,1270,28,7,18,7.142857142857143,4.169925001442312,1,1,0,0
69,0.2881657262378426,419,69,350,1,0.23463071292223694,270102.60296615434,3914.5304777703527,140.0,290.0,62,7,0.10144927536231885,44,1,0.061509152311665746,0.00047174766337737897,1647,5,8,18,6.5,4.169925001442312,1,0,0,0
70,0.2835823011528301,419,70,349,1,0.23619134222156732,263827.5819702913,3768.9654567184475,144.0,310.0,63,7,0.1,46,2,5.561154793770445,0.033783941927711184,1344,28,8,18,6.75,4.169925001442312,2,2,0,0
71,0.17964260643990193,419,71,348,1,0.23241034541471645,271555.62610428047,3824.7271282293023,146.0,310.0,64,7,0.09859154929577464,46,0,0.1951162898914303,0.0010826612271823076,1630,5,8,18,6.75,4.169925001442312,1,0,0,0
72,0.48115711493706964,419,72,347,1,0.24053643481402456,278080.75980318984,3862.2327750443033,148.0,310.0,64,8,0.1111111111111111,47,1,9.093611777649013,0.09848555494942424,1076,24,7,18,7.714285714285714,4.169925001442312,1,0,0,1
73,0.2927505608657241,419,73,346,1,0.24413607999105494,286766.6690313547,3928.310534676092,150.0,310.0,65,8,0.1095890410958904,49,2,1.1265022209752242,0.006026543870668319,1580,15,8,18,7.125,4.169925001442312,1,0,0,0
74,0.26447352213129954,419,74,345,1,0.2457369624915553,286937.13043499034,3877.5287896620316,152.0,330.0,66,8,0.10810810810810811,49,0,0.0,0.0,1776,0,8,18,7.125,4.169925001442312,1,2,0,0
75,0.18211239232033916,419,75,344,1,0.24141162619808246,295137.6694092657,3935.168925456876,154.0,330.0,67,8,0.10666666666666667,49,0,0.0,0.0,1800,0,8,18,7.125,4.169925001442312,1,0,0,0
76,0.25658620022690326,419,76,343,1,0.24194608845860197,299780.72376721597,3944.483207463368,156.0,340.0,68,8,0.10526315789473684,49,0,1.3872199062437462,0.01681921022927447,1642,16,8,18,7.125,4.169925001442312,1,1,0,0
77,0.34480456296441064,419,77,342,1,0.24829359713792404,310363.96916931286,4030.7008983027645,158.0,340.0,69,8,0.1038961038961039,50,1,5.733585461730671,0.05680052513955611,1386,26,9,18,6.555555555555555,4.169925001442312,1,0,0,0
78,0.29421923457703925,419,78,341,1,0.25012272057772006,313671.1981026424,4021.4256167005433,160.0,350.0,70,8,0.10256410256410256,53,3,4.653287866866318,0.038226319412896434,1453,32,10,20,6.3,4.321928094887363,1,1,0,0
79,0.4417455840997179,419,79,340,1,0.25936345063684957,317377.41581025295,4017.435643167759,162.0,360.0,71,8,0.10126582278481013,57,4,5.27460125638532,0.06737478281223744,1459,36,10,21,6.7,4.392317422778761,1,1,0,0
80,0.4318193108310491,419,80,339,1,0.26630745926452487,311892.4375370644,3898.6554692133054,164.0,390.0,72,8,0.1,60,3,12.045492412756701,0.11946427881905765,1159,43,10,22,7.0,4.459431618637297,1,3,0,0
81,0.31040430564746413,419,81,338,1,0.26887932733626446,320318.90602698317,3954.554395394854,166.0,390.0,73,8,0.09876543209876543,61,1,0.9419095503966954,0.0118855365869267,1627,31,9,22,7.777777777777778,4.459431618637297,1,0,0,0
82,0.3102559372550277,419,82,337,1,0.27023555046306996,325491.1641033222,3969.404440284417,168.0,390.0,73,9,0.10975609756097561,63,2,6.852746372849473,0.05048361938392765,1472,41,10,23,7.3,4.523561956057013,1,0,0,1
83,0.39957155340984457,419,83,336,1,0.2749752644561742,313062.5949875948,3771.8384938264435,174.0,420.0,74,9,0.10843373493975904,63,0,10.98244546922628,0.11786230294838691,1435,40,10,23,7.3,4.523561956057013,3,3,0,0
84,0.34775574337637666,419,84,335,1,0.2777093927891932,309811.9331482073,3688.2372993834206,176.0,450.0,75,9,0.10714285714285714,65,2,11.73906168257918,0.10825146535136015,1378,40,9,24,8.222222222222221,4.584962500721156,1,3,0,0
85,0.20304186029753396,419,85,334,1,0.27248715806331064,318015.5259326749,3741.3591286197043,178.0,450.0,76,9,0.10588235294117647,66,1,3.3006579756763936,0.03963324790920365,1695,28,9,24,8.333333333333334,4.584962500721156,1,0,0,0
86,0.2940281289304027,419,86,333,1,0.27251068642365334,327976.028128666,3813.6747456821627,180.0,450.0,77,9,0.10465116279069768,67,1,5.587780440853321,0.05664283076288399,1566,26,9,24,8.444444444444445,4.584962500721156,1,0,0,0
87,0.39515423338133343,419,87,332,1,0.2759892151059259,325020.8023735137,3735.871291649583,184.0,470.0,78,9,0.10344827586206896,68,1,6.3563384365944735,0.0470815392776987,1473,28,9,24,8.555555555555555,4.584962500721156,2,2,0,0
88,0.45223347738955055,419,88,331,1,0.2820553068007982,333080.60719545814,3785.006899948388,186.0,480.0,79,9,0.10227272727272728,69,1,4.8950044453035755,0.0807376520722957,1468,25,9,24,8.666666666666666,4.584962500721156,1,1,0,0
89,0.46765372768360075,419,89,330,1,0.2847083140562397,342514.1904618187,3848.4740501327947,188.0,490.0,80,9,0.10112359550561797,69,0,5.850847034316179,0.04026297338024208,1419,32,9,24,8.666666666666666,4.584962500721156,1,1,0,0
90,0.548578692761545,419,90,329,1,0.2941318940685525,352666.076979298,3918.511966436645,190.0,500.0,81,9,0.1,69,0,5.102375954657662,0.043709276065182705,1471,35,9,24,8.666666666666666,4.584962500721156,1,1,0,0
91,0.3974905324944853,419,91,328,1,0.2971732587652437,356631.80379031826,3919.030810882618,192.0,510.0,81,10,0.10989010989010989,70,1,9.995536846491236,0.0990934439023177,1562,30,9,24,8.777777777777779,4.584962500721156,1,1,0,1
92,0.41417336229664653,419,92,327,1,0.30273067101726164,340892.51320159296,3705.3534043651407,196.0,560.0,82,10,0.10869565217391304,71,1,12.084801654481103,0.08295082372604028,1343,52,9,24,8.88888888888889,4.584962500721156,2,5,0,0
93,0.47089347736283615,419,93,326,1,0.306648061670305,350353.1795619165,3767.2384899130807,198.0,570.0,83,10,0.10752688172043011,71,0,12.082565597530095,0.04015821342835223,1167,40,9,24,8.88888888888889,4.584962500721156,1,1,0,0
94,0.5243806774676987,419,94,325,1,0.3150607763413776,349274.98104212346,3715.6912876821643,200.0,600.0,84,10,0.10638297872340426,72,1,13.939858006795234,0.09578346007810468,1148,47,9,24,9.0,4.584962500721156,1,3,0,0
95,0.498874857831858,419,95,324,1,0.31816967081624387,350641.83589622873,3690.966693644513,204.0,620.0,85,10,0.10526315789473684,72,0,16.741526265637717,0.04627851610453143,1087,44,9,24,9.0,4.584962500721156,2,2,0,0
96,0.6539624251937578,419,96,323,1,0.3293746284505227,349818.06805694004,3643.9382089264586,208.0,650.0,86,10,0.10416666666666667,73,1,13.411177657229189,0.048225983701557444,847,52,9,24,9.11111111111111,4.584962500721156,2,3,0,0
97,0.6158942167281519,419,97,322,1,0.33597311894394766,356605.82981454016,3676.3487609746408,212.0,660.0,87,10,0.10309278350515463,74,1,8.874048311027275,0.0911198955798117,917,51,9,24,9.222222222222221,4.584962500721156,2,1,0,0
98,0.5423588184470608,419,98,321,1,0.34007587810090056,347243.13231215574,3543.2972684913852,214.0,710.0,88,10,0.10204081632653061,75,1,4.996686182855932,0.04239361428316352,1130,29,8,24,10.375,4.584962500721156,1,5,0,0
99,0.6047353820627565,419,99,320,1,0.3462438228090159,365565.96536249184,3692.585508712039,216.0,710.0,89,10,0.10101010101010101,75,0,6.659443794030164,0.03459973182219474,962,27,8,24,10.375,4.584962500721156,1,0,0,0
100,0.6131523904097823,419,100,319,1,0.35455585041383875,368332.4421778558,3683.324421778558,220.0,730.0,90,10,0.1,76,1,9.229047296351826,0.11440617432414417,1082,39,8,24,10.5,4.584962500721156,2,2,0,0
101,0.5299756445399125,419,101,318,1,0.35896350506819363,361507.61575496284,3579.283324306563,226.0,750.0,90,11,0.10891089108910891,77,1,12.832351022191965,0.0553983408250163,1007,49,9,24,9.555555555555555,4.584962500721156,3,2,0,1
102,0.49975494574401097,419,102,317,1,0.3608047607108261,353374.8047050483,3464.458869657336,232.0,780.0,91,11,0.10784313725490197,77,0,30.170411437633575,0.10366323885186801,1107,51,9,24,9.555555555555555,4.584962500721156,3,3,0,0
103,0.5244407675887031,419,103,316,1,0.3644757182773846,349033.8845689715,3388.6784909608887,234.0,820.0,92,11,0.10679611650485436,78,1,13.533346828670759,0.05575143707925755,1162,47,9,24,9.666666666666666,4.584962500721156,1,4,0,0
104,0.5357913921962306,419,104,315,1,0.3674506620621495,348812.98904146336,3353.971048475609,240.0,830.0,93,11,0.10576923076923077,80,2,7.614599691252594,0.034409947894508346,1088,32,9,24,9.88888888888889,4.584962500721156,3,1,0,0
105,0.3873627805163825,419,105,314,1,0.36558822810434005,357373.69398359087,3403.558990319913,244.0,830.0,94,11,0.10476190476190476,81,1,5.044728253163022,0.03364113180240197,1767,23,8,48,11.125,5.584962500721156,2,0,0,0
106,0.36554999410627115,419,106,313,1,0.3639342729195302,366439.9027811342,3456.98021491636,246.0,840.0,95,11,0.10377358490566038,82,1,9.645543634811748,0.05473769801802823,1954,23,8,48,11.25,5.584962500721156,1,1,0,0
107,0.3016877161369686,419,107,312,1,0.3583262349419017,368541.2178880224,3444.3104475516116,248.0,860.0,96,11,0.102803738317757,84,2,7.3467102921378284,0.04686494477273062,1767,27,8,49,11.5,5.614709844115208,1,2,0,0
108,0.4092888977510739,419,108,311,1,0.3592929919997311,373541.87242943305,3458.721041013269,252.0,870.0,97,11,0.10185185185185185,85,1,10.523276658122892,0.05983489969939155,1539,33,8,49,11.625,5.614709844115208,2,1,0,0
109,0.36746018639021627,419,109,310,1,0.358337299939266,374811.8994642147,3438.641279488208,256.0,880.0,98,11,0.10091743119266056,87,2,19.137740988550977,0.06930257399140749,1393,50,8,49,11.875,5.614709844115208,2,1,0,0
110,0.45380152819673986,419,110,309,1,0.3609657973173056,384248.7651873435,3493.170592612214,260.0,880.0,99,11,0.1,88,1,11.48947873026303,0.09005198469551529,1308,38,8,50,12.0,5.643856189774724,2,0,0,0
111,0.5294922410305677,419,111,308,1,0.36560715514338554,393057.24599099567,3541.05627018915,262.0,890.0,99,12,0.10810810810810811,89,1,10.528653807649288,0.13753744666249357,1264,49,8,50,12.125,5.643856189774724,1,1,0,1
112,0.5657940892160531,419,112,307,1,0.3702084678977514,401231.77598346485,3582.426571280936,266.0,900.0,100,12,0.10714285714285714,90,1,13.490482195425535,0.04778021338501744,1195,43,8,51,12.25,5.672425341971495,2,1,0,0
113,0.4199985192915753,419,113,306,1,0.369836973345717,410098.97246546886,3629.1944465970696,268.0,910.0,101,12,0.10619469026548672,91,1,10.555399428156592,0.14092771122962391,1826,44,8,52,12.375,5.700439718141092,1,1,0,0
114,0.389856197096983,419,114,305,1,0.3689174279427045,420242.06568982283,3686.3339095598494,272.0,910.0,102,12,0.10526315789473684,92,1,11.912257346875771,0.04021913302609473,1877,33,9,52,11.222222222222221,5.700439718141092,2,0,0,0
115,0.42048694554526017,419,115,304,1,0.3685343827321169,435592.4089261905,3787.760077619048,274.0,910.0,103,12,0.10434782608695652,92,0,12.371876444623533,0.02836604298734463,1663,35,9,52,11.222222222222221,5.700439718141092,1,0,0,0
116,0.44898548432758484,419,116,303,1,0.37267663991939826,442340.5750894472,3813.280819736614,276.0,930.0,104,12,0.10344827586206896,93,1,16.979719969605263,0.2907501890840157,2389,88,9,53,11.333333333333334,5.727920454563199,1,2,0,0
117,0.3402014813924461,419,117,302,1,0.36971681167457354,444337.35666833667,3797.7551851994585,280.0,940.0,105,12,0.10256410256410256,94,1,6.100157943331025,0.04303972121052965,2144,22,9,54,11.444444444444445,5.754887502163468,2,1,0,0
118,0.6136195215702465,419,118,301,1,0.37645052809531715,446281.9462090557,3782.050391602167,286.0,960.0,106,12,0.1016949152542373,95,1,15.334853929343025,0.14385122341447296,1299,57,9,54,11.555555555555555,5.754887502163468,3,2,0,0
119,0.6432471600573236,419,119,300,1,0.3845213837056908,441604.168940279,3710.9594028594875,294.0,980.0,107,12,0.10084033613445378,96,1,23.425323733641235,0.16639032166605827,911,47,9,54,11.666666666666666,5.754887502163468,4,2,0,0
120,0.5192316563994139,419,120,299,1,0.38726486533582316,449999.06388090004,3749.9921990075004,300.0,980.0,108,12,0.1,97,1,12.671218411940835,0.13101489874872477,1332,27,9,54,11.777777777777779,5.754887502163468,3,0,0,0
121,0.4576592798524728,419,121,298,1,0.38803777506679543,437518.6028643272,3615.856222019233,306.0,1020.0,109,12,0.09917355371900827,98,1,13.421704532250335,0.11167598176575372,1482,36,9,55,11.88888888888889,5.78135971352466,3,4,0,0
122,0.5704173102102214,419,122,297,1,0.3912841539033919,447654.8615699268,3669.302144015793,312.0,1020.0,110,12,0.09836065573770492,99,1,9.830226145744422,0.08333329170236904,1213,35,9,55,12.0,5.78135971352466,3,0,0,0
123,0.6677721638510882,419,123,296,1,0.3976379776447042,446033.95853241725,3626.29234579201,316.0,1050.0,110,13,0.10569105691056911,99,0,16.52985383944476,0.06970811642166595,853,31,9,55,12.0,5.78135971352466,2,3,0,1
124,0.631609872877942,419,124,295,1,0.40415820510264355,456458.2261156986,3681.1147267395045,320.0,1060.0,111,13,0.10483870967741936,100,1,12.215691320929716,0.08250518395757116,966,37,9,56,12.11111111111111,5.807354922057604,2,1,0,0
125,0.7009921016906696,419,125,294,1,0.41375537770024723,474972.90652204194,3799.7832521763357,322.0,1060.0,112,13,0.104,105,5,30.67936393896298,0.549946504712763,1021,75,7,90,15.857142857142858,6.491853096329675,1,0,0,0
126,0.640460761955585,419,126,293,1,0.4185935869823518,487037.9521055904,3865.38057226659,326.0,1070.0,113,13,0.10317460317460317,106,1,18.734374454741857,0.09396163933185234,943,44,7,90,16.0,6.491853096329675,2,1,0,0
127,0.5534384857048579,419,127,292,1,0.4194746472902365,502070.4277462266,3953.3104546946975,330.0,1070.0,114,13,0.10236220472440945,107,1,12.9443801775308,0.09904808326499973,1123,39,7,91,16.142857142857142,6.507794640198696,2,0,0,0
128,0.6730854478226375,419,128,291,1,0.42392521549300655,511665.043692551,3997.3831538480545,334.0,1090.0,115,13,0.1015625,108,1,12.887668809667527,0.06636306534107075,978,31,6,91,18.833333333333332,6.507794640198696,2,2,0,0
129,0.7393591813542189,419,129,290,1,0.43084262618100283,504053.9172541984,3907.394707396887,342.0,1130.0,116,13,0.10077519379844961,109,1,15.780056842613845,0.08583367528146119,582,50,5,91,22.6,6.507794640198696,4,4,0,0
130,0.7171853388867743,419,130,289,1,0.4392472398857917,517511.17161066376,3980.855166235875,346.0,1140.0,117,13,0.1,110,1,14.028858303587704,0.162860806418449,615,32,5,92,22.8,6.523561956057013,2,1,0,0
131,0.7604489618534658,419,131,288,1,0.4491985842218715,523358.7620919662,3995.1050541371465,354.0,1140.0,117,14,0.10687022900763359,111,1,15.014086245773372,0.07780036502186727,602,43,5,93,23.0,6.539158811108031,4,0,0,1
132,0.7971352935044913,419,132,287,1,0.4553155542393297,541406.9290464254,4101.567644291102,360.0,1140.0,118,14,0.10606060606060606,112,1,21.450884900528965,0.13000109550221026,437,75,5,94,23.2,6.554588851677638,3,0,0,0
133,0.8209525478039162,419,133,286,1,0.4595065196769968,532199.1687019086,4001.497509036906,378.0,1140.0,119,14,0.10526315789473684,112,0,4.446642960682943,0.022295863296922288,429,26,5,94,23.2,6.554588851677638,9,0,0,0
134,0.8070247920267668,419,134,285,1,0.4695053375215104,548881.7722971281,4096.132629083046,382.0,1150.0,120,14,0.1044776119402985,113,1,14.9657045937801,0.06689029740143124,495,45,5,95,23.4,6.569855608330948,2,1,0,0
135,0.7927227134926578,419,135,284,1,0.4758027699721443,562478.8926016847,4166.5103155680345,390.0,1150.0,121,14,0.1037037037037037,114,1,12.900398192229336,0.018974384542301874,521,42,5,96,23.6,6.584962500721156,4,0,0,0
136,0.7884993149134969,419,136,283,1,0.48222143441068127,573983.9237878453,4220.470027851804,396.0,1160.0,122,14,0.10294117647058823,115,1,9.147086234331322,0.05499413409348533,525,38,5,97,23.8,6.599912842187128,3,1,0,0
137,0.7531883951430418,419,137,282,1,0.4866052645603739,585039.4285084528,4270.360792032502,402.0,1170.0,123,14,0.10218978102189781,116,1,7.08153760853895,0.025503884287414194,539,24,4,110,29.75,6.78135971352466,3,1,0,0
138,0.7926783410526442,419,138,281,1,0.4952302753119066,592470.216024983,4293.262434963644,410.0,1180.0,124,14,0.10144927536231885,117,1,14.250696968826993,0.07466747857206306,504,42,4,111,30.0,6.794415866350106,4,1,0,0
139,0.7808440647724206,419,139,280,1,0.5022399865387324,604980.1125275851,4352.374910270397,416.0,1190.0,125,14,0.10071942446043165,118,1,16.24440097295385,0.05676254578468766,562,44,4,111,30.25,6.794415866350106,3,1,0,0
140,0.765957597105283,419,140,279,1,0.505473813551,607619.6104844647,4340.140074889034,428.0,1190.0,126,14,0.1,119,1,23.012935890997646,0.45718209238258445,749,64,4,112,30.5,6.807354922057604,6,0,0,0
141,0.7029634583754653,419,141,278,1,0.5078102583783036,587010.4021071119,4163.194341185191,448.0,1190.0,126,15,0.10638297872340426,120,1,8.57548358782236,0.010249057932777974,793,42,4,113,30.75,6.820178962415188,10,0,0,1
142,0.8155474738355099,419,142,277,1,0.5171596131482779,597745.7508402432,4209.477118593262,452.0,1220.0,127,15,0.1056338028169014,122,2,17.56483505748926,0.09257227949799057,531,33,4,115,31.25,6.845490050944375,2,3,0,0
143,0.7704468044302142,419,143,276,1,0.520429356572882,596852.3359042958,4173.792558771299,460.0,1250.0,128,15,0.1048951048951049,123,1,14.382429948733554,0.07059819702825695,717,43,4,115,31.5,6.845490050944375,4,3,0,0
144,0.7441177848270144,419,144,275,1,0.5232989142405051,605402.867584975,4204.186580451215,470.0,1250.0,129,15,0.10416666666666667,124,1,9.06605407485902,0.09135699925447409,743,31,4,116,31.75,6.857980995127572,5,0,0,0
145,0.8297883583608122,419,145,274,1,0.5276468756505351,613705.2931961872,4232.450297904739,478.0,1270.0,130,15,0.10344827586206896,124,0,3.474437485709285,0.016624334828889267,463,11,4,116,31.75,6.857980995127572,4,2,0,0
146,0.8155090360044164,419,146,273,1,0.5328756946395636,599568.8527277679,4106.635977587452,492.0,1300.0,131,15,0.10273972602739725,125,1,2.6456342188907973,0.030333780264323547,459,16,4,117,32.0,6.870364719583405,7,3,0,0
147,0.8284413023985968,419,147,272,1,0.5367276538996721,600874.2635606187,4087.580024221896,506.0,1300.0,132,15,0.10204081632653061,126,1,0.7812375187386921,0.016448541267411493,592,15,5,117,26.0,6.870364719583405,7,0,0,0
148,0.7695415718559349,419,148,271,1,0.5404000153653231,601412.984658384,4063.6012476917836,520.0,1300.0,133,15,0.10135135135135136,127,1,5.7810421625498325,0.02894790335775258,949,38,5,118,26.2,6.882643049361842,7,0,0,0
149,0.8010330682919372,419,149,270,1,0.545100663680096,626479.19866075,4204.558380273489,524.0,1300.0,134,15,0.10067114093959731,128,1,3.627402278946115,0.025090426214853745,710,35,6,118,22.166666666666668,6.882643049361842,2,0,0,0
150,0.786467120042829,419,150,269,1,0.5502648932228033,636700.5625986977,4244.670417324652,534.0,1300.0,135,15,0.1,129,1,6.619001516658169,0.03894546720027082,606,37,6,119,22.333333333333332,6.894817763307944,5,0,0,0
151,0.6932055103880168,419,151,268,1,0.5522363202865779,649786.1832196717,4303.219756421667,540.0,1300.0,135,16,0.10596026490066225,130,1,4.527486494191273,0.0739572363127265,898,20,6,120,22.5,6.906890595608519,3,0,0,1
152,0.7369524612845726,419,152,267,1,0.5520758637461812,672585.1486141847,4424.902293514373,542.0,1310.0,136,16,0.10526315789473684,132,2,4.527622332905954,0.027844834307378934,826,31,6,120,22.833333333333332,6.906890595608519,1,1,0,0
153,0.8440835009063231,419,153,266,1,0.5573199848996319,676286.1921178607,4420.171190312814,554.0,1320.0,137,16,0.10457516339869281,133,1,7.280436885695003,0.07523257357186268,537,24,6,121,23.0,6.918863237274595,6,1,0,0
154,0.8311459013167717,419,154,265,1,0.5610583832255729,674693.8764609208,4381.129067928057,566.0,1340.0,138,16,0.1038961038961039,134,1,7.474342153865837,0.020303371041353144,653,38,6,121,23.166666666666668,6.918863237274595,6,2,0,0
155,0.7991140177704491,419,155,264,1,0.5642639452283561,678054.5947879436,4374.545772825443,578.0,1350.0,139,16,0.1032258064516129,135,1,5.09650651053291,0.08688928275499942,501,20,6,122,23.333333333333332,6.930737337562887,6,1,0,0
156,0.735492880047003,419,156,263,1,0.5651205761575487,686318.8422857504,4399.47975824199,588.0,1350.0,140,16,0.10256410256410256,136,1,4.365244211175163,0.022436394443128744,709,35,6,123,23.5,6.94251450533924,5,0,0,0
157,0.7498031786672049,419,157,262,1,0.5666747836264127,686556.9500869028,4372.974204375178,600.0,1360.0,141,16,0.10191082802547771,137,1,4.445357205630488,0.06675963794117785,769,18,6,124,23.666666666666668,6.954196310386875,6,1,0,0
158,0.7009447849649213,419,158,261,1,0.5650301610133907,704301.7425509169,4457.605965512132,604.0,1370.0,142,16,0.10126582278481013,137,0,3.2013406072906974,0.02373929919261139,810,38,6,124,23.666666666666668,6.954196310386875,2,1,0,0
159,0.7173677324334854,419,159,260,1,0.5666576832109019,699142.8572980204,4397.1248886667945,612.0,1410.0,143,16,0.10062893081761007,139,2,5.207216561029584,0.036575659127417205,801,54,7,125,20.714285714285715,6.965784284662087,4,4,0,0
160,0.7716931303743491,419,160,259,1,0.5696518056216975,711808.6735118453,4448.804209449033,622.0,1410.0,144,16,0.1,140,1,5.111539424739369,0.022513748250877673,639,32,7,126,20.857142857142858,6.977279923499917,5,0,0,0
161,0.6998378899612027,419,161,258,1,0.5677335109165118,727978.8630470101,4521.607845012485,626.0,1420.0,144,17,0.10559006211180125,140,0,3.1727761188752743,0.015143435048082503,816,24,7,126,20.857142857142858,6.977279923499917,2,1,0,1
162,0.7342267018101678,419,162,257,1,0.5703973081510442,727447.2746344963,4490.415275521582,636.0,1440.0,145,17,0.10493827160493827,142,2,8.556942188912416,0.030130567146278188,765,28,6,130,24.5,7.022367813028454,5,2,0,0
163,0.8272972989737226,419,163,256,1,0.577937685116203,740638.8439420201,4543.79658860135,644.0,1450.0,146,17,0.10429447852760736,143,1,13.407385325782121,0.11091341337165649,537,39,7,130,21.285714285714285,7.022367813028454,4,1,0,0
164,0.7896010736799763,419,164,255,1,0.5815959980016361,754394.0291509739,4599.963592383987,654.0,1450.0,147,17,0.10365853658536585,144,1,10.478617495967068,0.08657141542853908,620,39,7,131,21.428571428571427,7.03342300153745,5,0,0,0
165,0.8282224395180906,419,165,254,1,0.586868372169175,774194.7888590515,4692.0896294487975,662.0,1450.0,148,17,0.10303030303030303,145,1,16.65689165365161,0.26747222494417794,510,59,7,131,21.571428571428573,7.03342300153745,4,0,0,0
166,0.8326170507924852,419,166,253,1,0.5891064003821993,779985.5463754821,4698.708110695676,672.0,1470.0,149,17,0.10240963855421686,146,1,6.552077521613314,0.09449419973215206,453,28,7,132,21.714285714285715,7.044394119358453,5,2,0,0
167,0.8484071206561645,419,167,252,1,0.5949151552729801,785189.0431492323,4701.730797300792,680.0,1500.0,150,17,0.10179640718562874,147,1,9.85088471430223,0.035143090746335655,475,42,7,133,21.857142857142858,7.05528243550119,4,3,0,0
168,0.8587283308711597,419,168,251,1,0.5978816044693035,799704.9750710614,4760.14866113727,688.0,1510.0,151,17,0.10119047619047619,148,1,7.6697930381489074,0.0029903768496661433,405,24,7,133,22.0,7.05528243550119,4,1,0,0
169,0.8698825140235403,419,169,250,1,0.6044507757882696,822532.3482437074,4867.055315051523,694.0,1520.0,152,17,0.10059171597633136,149,1,10.811494961617248,0.03617316368418449,425,49,8,133,19.5,7.05528243550119,3,1,0,0
170,0.841693917767673,419,170,249,1,0.608666323105331,852133.5606344832,5012.5503566734305,696.0,1530.0,153,17,0.1,150,1,11.028998514686126,0.001017927756088371,427,36,8,134,19.625,7.066089190457772,1,1,0,0
171,0.8265578783523754,419,171,248,1,0.6138585796624775,847030.295143844,4953.393538852889,714.0,1530.0,154,17,0.09941520467836257,151,1,11.576899274470563,0.07471578636906144,437,29,8,135,19.75,7.076815597050831,9,0,0,0
172,0.841561551736124,419,172,247,1,0.6186348128183066,844917.5704424202,4912.311456060583,728.0,1540.0,154,18,0.10465116279069768,153,2,13.475938593112897,0.19408984534756818,445,42,7,139,22.714285714285715,7.118941072723508,7,1,0,1
173,0.8369109088573,419,173,246,1,0.6213639694875842,852409.0209750765,4927.219774422408,736.0,1570.0,155,18,0.10404624277456648,154,1,11.051185543523207,0.029257045867943157,485,49,7,140,22.857142857142858,7.129283016944966,4,3,0,0
174,0.8555934529569895,419,174,245,1,0.625038076698733,874754.9676911127,5027.327400523636,742.0,1580.0,156,18,0.10344827586206896,155,1,18.252502365404567,0.0972804273835077,501,50,7,141,23.0,7.139551352398794,3,1,0,0
175,0.8432057632692731,419,175,244,1,0.6234625734034551,905465.7790330834,5174.090165903333,746.0,1580.0,157,18,0.10285714285714286,155,0,6.452032673113701,0.04675342408661973,464,35,7,141,23.0,7.139551352398794,2,0,0,0
176,0.8408658846083796,419,176,243,1,0.6244945341920478,927106.028124136,5267.647887068954,754.0,1580.0,158,18,0.10227272727272728,156,1,7.152161062780477,0.06138465817459127,474,48,7,142,23.142857142857142,7.149747119504682,4,0,0,0
177,0.8565813680688784,419,177,242,1,0.6273088544261808,958182.1869955382,5413.458683590611,758.0,1580.0,159,18,0.1016949152542373,157,1,6.937163621801671,0.07502506889715585,466,35,7,143,23.285714285714285,7.159871336778389,2,0,0,0
178,0.8530421328347453,419,178,241,1,0.6319309615135358,977088.9266420082,5489.263632820271,766.0,1590.0,160,18,0.10112359550561797,158,1,8.22420350648403,0.04100741243295348,416,49,7,144,23.428571428571427,7.169925001442312,4,1,0,0
179,0.8583670336615425,419,179,240,1,0.6359153104341444,985704.1390409226,5506.727033748171,778.0,1600.0,161,18,0.1005586592178771,159,1,8.268045700671586,0.08288648946209409,456,44,7,145,23.571428571428573,7.1799090900149345,6,1,0,0
180,0.8372665610645483,419,180,239,1,0.6373865981483345,1004168.0432292868,5578.711351273815,786.0,1610.0,162,18,0.1,160,1,9.055666947799626,0.09350650263007602,534,46,7,146,23.714285714285715,7.189824558880018,4,1,0,0
181,0.8668039676820557,419,181,238,1,0.6400224753664463,1008312.5980332143,5570.787834437649,796.0,1630.0,162,19,0.10497237569060773,161,1,14.728734496480842,0.15943858245542286,468,66,7,147,23.857142857142858,7.199672344836364,5,2,0,1
182,0.8679344649452181,419,182,237,1,0.6396347166613546,1028418.3744028595,5650.6504088069205,804.0,1640.0,163,19,0.1043956043956044,161,0,5.965859463348755,0.07127182580751595,476,30,7,147,23.857142857142858,7.199672344836364,4,1,0,0
183,0.8503475116336361,419,183,236,1,0.6408132212687131,1041679.4938200288,5692.237671147698,814.0,1650.0,164,19,0.10382513661202186,162,1,4.3650899172489535,0.059395552579225734,435,34,7,148,24.0,7.20945336562895,5,1,0,0
184,0.8590706701193703,419,184,235,1,0.6429454851641939,1041668.8793243882,5661.243909371675,830.0,1660.0,165,19,0.10326086956521739,163,1,4.769106630258795,0.05571227557419999,468,37,7,149,24.142857142857142,7.219168520462161,8,1,0,0
185,0.8391910176768775,419,185,234,1,0.6447714910605076,1056286.6881747993,5709.657773917834,842.0,1660.0,166,19,0.10270270270270271,164,1,7.362909307711659,0.10251922167137822,425,42,7,150,24.285714285714285,7.22881869049588,6,0,0,0
186,0.8461407637954518,419,186,233,1,0.6458058763264912,1060030.8819688896,5699.0907632736,858.0,1660.0,167,19,0.10215053763440861,165,1,5.522479197076334,0.0942152246763909,453,31,7,151,24.428571428571427,7.2384047393250786,8,0,0,0
187,0.79757750267258,419,187,232,1,0.6454012094858185,1081990.6483409246,5786.046247812431,866.0,1660.0,168,19,0.10160427807486631,165,0,8.896456490844198,0.17153838865668464,531,38,7,151,24.428571428571427,7.2384047393250786,4,0,0,0
188,0.8631102568798502,419,188,231,1,0.6495211571237771,1103157.9057644163,5867.861200874555,876.0,1660.0,169,19,0.10106382978723404,166,1,11.6653046679081,0.09939602652421142,511,43,7,152,24.571428571428573,7.247927513443585,5,0,0,0
189,0.8807410042659987,419,189,230,1,0.6533769294928453,1118076.2598649827,5915.74740669303,886.0,1670.0,170,19,0.10052910052910052,168,2,7.743745829010255,0.06335685447051552,438,42,8,152,21.875,7.247927513443585,5,1,0,0
190,0.8214727348663426,419,190,229,1,0.6534177908062277,1150009.070464813,6052.679318235858,890.0,1670.0,171,19,0.1,169,1,3.7222685984020303,0.015007075324410694,578,30,8,153,22.0,7.257387842692652,2,0,0,0
191,0.8332288554975845,419,191,228,1,0.6531279476925327,1172771.909946636,6140.1670677834345,896.0,1670.0,171,20,0.10471204188481675,170,1,8.406347068488342,0.08049129710598145,506,45,9,153,19.77777777777778,7.257387842692652,3,0,0,1
192,0.8207563443441922,419,192,227,1,0.6546506928720832,1183345.515080224,6163.257891042834,906.0,1690.0,172,20,0.10416666666666667,171,1,6.824035081972405,0.022652131927632633,562,37,9,154,19.88888888888889,7.266786540694901,5,2,0,0
193,0.8331433967710586,419,193,226,1,0.6567777820488248,1212850.774557835,6284.20090444474,912.0,1690.0,173,20,0.10362694300518134,172,1,5.140360601534438,0.04671412537836804,587,36,9,155,20.0,7.2761244052742375,3,0,0,0
194,0.8348448739534478,419,194,225,1,0.6588582337532596,1234260.1900729293,6362.165928210976,918.0,1710.0,174,20,0.10309278350515463,173,1,6.06610831831393,0.043519205482650127,591,43,9,156,20.11111111111111,7.285402218862249,3,2,0,0
195,0.8388347087379145,419,195,224,1,0.6621561716612718,1229780.0457994347,6306.564337432998,936.0,1710.0,175,20,0.10256410256410256,174,1,8.011983103743825,0.038986452775643075,581,42,9,156,20.22222222222222,7.285402218862249,9,0,1,0
196,0.8235339533969068,419,196,223,1,0.6630708140261377,1253957.8984980148,6397.744380091912,942.0,1720.0,176,20,0.10204081632653061,176,2,6.391260153189185,0.027861262599037442,616,42,8,157,22.875,7.294620748891627,3,1,0,0
197,0.7956980627773023,419,197,222,1,0.6639468523285151,1269095.0168521432,6442.106684528646,948.0,1750.0,177,20,0.10152284263959391,177,1,7.34959138959996,0.0309275546727858,660,38,8,157,23.0,7.294620748891627,3,3,0,0
198,0.7765416300869957,419,198,221,1,0.6651869339286589,1291931.2237920333,6524.905170666835,954.0,1760.0,178,20,0.10101010101010101,178,1,5.766708289129031,0.008181087798464406,663,29,9,157,20.666666666666668,7.294620748891627,3,1,0,0
199,0.7899568951861723,419,199,220,1,0.6654154893936838,1299869.9449795987,6532.0097737668275,966.0,1770.0,179,20,0.10050251256281408,179,1,6.6003191101523,0.03194853515588949,694,26,9,158,20.77777777777778,7.303780748177103,6,1,0,0
200,0.775595131647723,419,200,219,1,0.6648421955921368,1322322.9128954972,6611.614564477486,974.0,1770.0,180,20,0.1,180,1,6.280109171942749,0.0817713290454021,877,29,9,158,20.88888888888889,7.303780748177103,4,0,0,0
201,0.7883310726354924,419,201,218,1,0.6658822598899893,1323960.7067576072,6586.869187848792,982.0,1800.0,180,21,0.1044776119402985,181,1,9.895795778640277,0.064321138471618,920,47,9,159,21.0,7.312882955284356,4,3,0,1
202,0.8338941746001648,419,202,217,1,0.6649434302566257,1350884.9624484996,6687.549319051978,990.0,1800.0,181,21,0.10396039603960396,181,0,16.181115997237878,0.05334907112801833,748,43,9,159,21.0,7.312882955284356,4,0,0,0
203,0.839577365767044,419,203,216,1,0.6660903158830154,1363722.9785157724,6717.84718480676,1000.0,1820.0,182,21,0.10344827586206896,182,1,14.014923627413214,0.04012512392974226,635,30,9,160,21.11111111111111,7.321928094887363,5,2,0,0
204,0.7964143119229701,419,204,215,1,0.6676624239229711,1393448.7393472397,6830.631075231568,1006.0,1820.0,183,21,0.10294117647058823,183,1,16.914334085204935,0.04013727958512356,826,35,9,161,21.22222222222222,7.330916878114617,3,0,0,0
205,0.7947355089472246,419,205,214,1,0.669778818656289,1401707.22964932,6837.596242191805,1014.0,1820.0,184,21,0.1024390243902439,185,2,13.315202243086281,0.014087100609380062,644,37,9,163,21.444444444444443,7.348728154231077,4,0,2,0
206,0.7912774836866094,419,206,213,1,0.6713127927561933,1417808.0219314012,6882.563213259229,1020.0,1830.0,185,21,0.10194174757281553,186,1,17.846763928871383,0.004530572169816911,642,38,9,164,21.555555555555557,7.357552004618084,3,1,1,0
207,0.7726648056522536,419,207,212,1,0.6719560500531561,1445725.4479085596,6984.180907770819,1026.0,1830.0,186,21,0.10144927536231885,187,1,18.021873246826356,0.08846908026794036,916,36,9,165,21.666666666666668,7.366322214245816,3,0,0,0
208,0.7594614575836601,419,208,211,1,0.6722154022541732,1453211.7725142906,6986.595060164859,1036.0,1850.0,187,21,0.10096153846153846,189,2,14.733302802606609,0.08555269153334749,840,45,8,168,24.5,7.392317422778761,5,2,0,0
209,0.822501219879842,419,209,210,1,0.6758648609741503,1468478.1140621563,7026.211072067734,1044.0,1870.0,188,21,0.10047846889952153,190,1,22.592354242651105,0.06095148498368038,759,55,8,168,24.625,7.392317422778761,4,2,0,0
210,0.8073573482977652,419,210,209,1,0.6767974996415622,1494878.0192124734,7118.4667581546355,1052.0,1870.0,189,21,0.1,191,1,16.99794640756927,0.0418962106199219,738,50,8,169,24.75,7.400879436282184,4,0,0,0
211,0.7519079924744086,419,211,208,1,0.6765216414116394,1513392.2030688343,7172.474896060826,1060.0,1870.0,189,22,0.10426540284360189,192,1,12.296271318875634,0.060393712376236995,854,39,8,170,24.875,7.409390936137702,4,0,0,1
212,0.7656756730788776,419,212,207,1,0.6777277811871802,1541962.9811495675,7273.410288441356,1066.0,1870.0,190,22,0.10377358490566038,193,1,18.702461118351525,0.08204158724398046,952,39,8,171,25.0,7.417852514885898,3,0,0,0
213,0.7596623069366268,419,213,206,1,0.6767987393058689,1564928.4588669015,7347.081966511275,1072.0,1870.0,191,22,0.10328638497652583,194,1,13.23489898387438,0.031136001342103925,919,41,8,172,25.125,7.426264754702098,3,0,1,0
214,0.7742101652127559,419,214,205,1,0.6771391226157216,1595457.534042832,7455.409037583327,1074.0,1890.0,192,22,0.102803738317757,195,1,13.088319262267735,0.021870708513735376,891,32,8,172,25.25,7.426264754702098,1,2,0,0
215,0.8249371498325659,419,215,204,1,0.68018939917051,1626643.6449979777,7565.784395339431,1078.0,1900.0,193,22,0.10232558139534884,197,2,18.885884532415787,0.03384900127685674,745,37,7,176,29.0,7.459431618637297,2,1,0,0
216,0.8605723526829215,419,216,203,1,0.6831484119957091,1641503.463049657,7599.553069674338,1086.0,1920.0,194,22,0.10185185185185185,198,1,19.68244855552301,0.011729414637758472,558,41,7,177,29.142857142857142,7.467605550082998,4,2,1,0
217,0.8428546041480036,419,217,202,1,0.686175222856776,1667298.8552744156,7683.40486301574,1092.0,1940.0,195,22,0.10138248847926268,199,1,17.863102606354367,0.017369121870749828,577,35,8,177,25.75,7.467605550082998,3,2,0,0
218,0.8233677887671736,419,218,201,1,0.6878439886975243,1683487.1590733635,7722.4181608869885,1098.0,1960.0,196,22,0.10091743119266056,200,1,16.777256423150572,0.0928926519758996,657,45,8,177,25.875,7.467605550082998,3,2,1,0
219,0.8003093571771291,419,219,200,1,0.6883983586959331,1701728.8159977216,7770.451214601469,1104.0,1960.0,197,22,0.1004566210045662,201,1,17.684898919216394,0.026579462488950135,804,54,8,177,26.0,7.467605550082998,3,0,2,0
220,0.7850856253978702,419,220,199,1,0.6893376273944254,1719175.8117747821,7814.435508067191,1108.0,1970.0,198,22,0.1,202,1,15.845770585071804,0.032246664564008244,896,44,8,178,26.125,7.475733430966398,2,1,2,0
221,0.770412607016496,419,221,198,1,0.6890230615482988,1754086.1382087485,7937.041349360853,1110.0,1970.0,198,23,0.10407239819004525,203,1,13.1100764739347,0.060596881160445815,949,38,8,178,26.25,7.475733430966398,1,0,0,1
222,0.7587553671221972,419,222,197,1,0.6880695298410886,1769667.368410905,7971.474632481553,1116.0,1990.0,199,23,0.1036036036036036,204,1,12.498587023571911,0.06811849349803174,1096,57,8,179,26.375,7.483815777264256,3,2,1,0
223,0.8386645145664451,419,223,196,1,0.6896640627831394,1790124.6212981963,8027.464669498638,1124.0,2010.0,200,23,0.1031390134529148,205,1,16.462705259844075,0.14259532611954748,923,48,8,180,26.5,7.491853096329675,4,2,0,0
224,0.7894782625639685,419,224,195,1,0.688832426769076,1802155.7640129384,8045.338232200617,1134.0,2020.0,201,23,0.10267857142857142,206,1,11.903261527330322,0.05701496158867095,1009,32,8,181,26.625,7.499845887083206,5,1,1,0
225,0.7895940110107688,419,225,194,1,0.6901447501400061,1822927.0331839311,8101.8979252619165,1138.0,2030.0,202,23,0.10222222222222223,207,1,6.842782068066771,0.0426671542966763,844,47,9,181,23.88888888888889,7.499845887083206,2,1,2,0
226,0.7945113932426254,419,226,193,1,0.6920366725627575,1811842.200497623,8017.000887157624,1154.0,2060.0,203,23,0.10176991150442478,208,1,11.266906823681872,0.028374580320659048,881,44,9,181,24.0,7.499845887083206,8,3,1,0
227,0.8258947820991126,419,227,192,1,0.6942848941218605,1811084.207762799,7978.344527589423,1170.0,2060.0,204,23,0.1013215859030837,209,1,9.188693080994607,0.017436985230679627,663,40,9,182,24.11111111111111,7.507794640198696,8,0,2,0
228,0.8162321907817192,419,228,191,1,0.6962289654834768,1833478.6169308047,8041.572881275459,1178.0,2060.0,205,23,0.10087719298245613,210,1,8.165745385636189,0.040971637195712785,645,37,9,183,24.22222222222222,7.515699838284043,4,0,1,0
229,0.8052715310220556,419,229,190,1,0.6975721991938612,1868682.9452756804,8160.187533954936,1182.0,2070.0,206,23,0.10043668122270742,211,1,8.992478314776244,0.022929684360399032,778,35,9,184,24.333333333333332,7.523561956057013,2,1,0,0
230,0.8267445450085313,419,230,189,1,0.6982497443107137,1908292.4285494538,8296.92360238893,1184.0,2080.0,207,23,0.1,212,1,8.734357549117398,0.05297051893192123,729,31,9,185,24.444444444444443,7.531381460516312,1,1,0,0
231,0.8115101189178549,419,231,188,1,0.7002887301148882,1929497.15480164,8352.801535937835,1188.0,2080.0,207,24,0.1038961038961039,213,1,7.619982049415575,0.009879041822472689,713,33,10,185,22.2,7.531381460516312,2,0,2,1
232,0.8319494992919702,419,232,187,1,0.7025879753909018,1977354.1014504281,8523.078023493224,1190.0,2080.0,208,24,0.10344827586206896,214,1,7.934153190729997,0.011701814200001317,648,17,10,186,22.3,7.539158811108031,1,0,0,0
233,0.8330903402354246,419,233,186,1,0.7047213815049953,2015042.2112884508,8648.249833856013,1192.0,2100.0,209,24,0.10300429184549356,215,1,8.664981827738849,0.039544234418983915,706,20,10,186,22.4,7.539158811108031,1,2,0,0
234,0.8259642770225658,419,234,185,1,0.7060651693315567,2020386.3488160006,8634.129695794874,1202.0,2120.0,210,24,0.10256410256410256,216,1,9.552693782710348,0.07922042209808342,716,55,10,186,22.5,7.539158811108031,5,2,2,0
235,0.8298450295109591,419,235,184,1,0.706609093136936,2058619.7760654613,8760.084153470048,1206.0,2120.0,211,24,0.10212765957446808,217,1,7.989234522846619,0.02049894733656945,722,38,10,186,22.6,7.539158811108031,2,0,1,0
236,0.8129786893780235,419,236,183,1,0.7063078146493071,2086346.006415018,8840.449179724654,1214.0,2130.0,212,24,0.1016949152542373,219,2,7.383096512668623,0.024189295892196934,760,32,9,187,25.22222222222222,7.546894459887636,4,1,0,0
237,0.7770107059877892,419,237,182,1,0.7054814007121185,2082838.0477276186,8788.346192943538,1226.0,2150.0,213,24,0.10126582278481013,220,1,6.591334156113773,0.04507262920426633,1071,28,9,188,25.333333333333332,7.554588851677638,6,2,2,0
238,0.8288161161560071,419,238,181,1,0.7060981189053938,2117970.701237345,8899.036559820777,1230.0,2150.0,214,24,0.10084033613445378,221,1,6.686793941525318,0.02103466177307203,919,24,9,188,25.444444444444443,7.554588851677638,2,0,1,0
239,0.8191167343290351,419,239,180,1,0.7077143810861936,2123463.200502765,8884.783265701944,1240.0,2150.0,215,24,0.100418410041841,222,1,6.83336121365553,0.013205766516440842,998,40,9,189,25.555555555555557,7.562242424221073,5,0,3,0
240,0.8372385448383317,419,240,179,1,0.7096886863685774,2135330.728217334,8897.211367572225,1252.0,2150.0,216,24,0.1,223,1,8.96435657610659,0.027888905946630224,694,30,9,190,25.666666666666668,7.569855608330948,6,0,2,0
241,0.8340879670733609,419,241,178,1,0.7105839675956233,2125400.618032148,8819.089701378209,1260.0,2180.0,216,25,0.1037344398340249,224,1,8.731626031626712,0.09934433408199161,785,35,9,190,25.77777777777778,7.569855608330948,4,3,4,1
242,0.8400743836209,419,242,177,1,0.7128056542116247,2146242.754280565,8868.77171190316,1270.0,2190.0,217,25,0.10330578512396695,225,1,7.781263532284431,0.1409174289983548,588,33,9,191,25.88888888888889,7.577428828035749,5,1,1,0
243,0.8268344674441814,419,243,176,1,0.7163145153398495,2163829.8329319693,8904.649518238557,1276.0,2210.0,218,25,0.102880658436214,226,1,11.392633872845417,0.020041619465159158,634,37,9,192,26.0,7.584962500721156,3,2,2,0
244,0.8331228456292719,419,244,175,1,0.7166002444930339,2189737.0886804066,8974.332330657404,1282.0,2210.0,219,25,0.10245901639344263,227,1,5.501788620453078,5.5361672311866336e-05,648,15,9,193,26.11111111111111,7.592457037268081,3,0,2,0
245,0.82441933680599,419,245,174,1,0.7164031074153352,2194154.4546113242,8955.732467801323,1294.0,2210.0,220,25,0.10204081632653061,228,1,6.70802027347513,0.049397790076724866,804,34,9,193,26.22222222222222,7.592457037268081,6,0,3,0
246,0.8043514000263097,419,246,173,1,0.7158385381627053,2200890.622800468,8946.70984878239,1304.0,2240.0,221,25,0.1016260162601626,229,1,7.25674024380051,0.03727609179381561,976,40,9,194,26.333333333333332,7.599912842187128,5,3,1,0
247,0.802524351207737,419,247,172,1,0.7160231179693523,2209696.3577365,8946.139100147773,1316.0,2240.0,222,25,0.10121457489878542,230,1,6.400860303205666,0.02493785170699707,1106,27,9,194,26.444444444444443,7.599912842187128,6,0,2,0
248,0.7828098213971458,419,248,171,1,0.716145174359049,2234859.167082761,9011.528899527262,1328.0,2240.0,223,25,0.10080645161290322,231,1,6.625849088876067,0.035049907532088045,1104,36,9,195,26.555555555555557,7.60733031374961,6,0,0,0
249,0.7916058348906255,419,249,170,1,0.7174099084289612,2253509.6471532383,9050.239546800154,1334.0,2270.0,224,25,0.10040160642570281,232,1,9.153231922489349,0.014634928783337683,1031,41,9,195,26.666666666666668,7.60733031374961,3,3,1,0
250,0.7758189483021734,419,250,169,1,0.7166300308028813,2278568.7196834474,9114.27487873379,1340.0,2270.0,225,25,0.1,233,1,8.240843939023893,0.03389946640144246,1212,35,9,196,26.77777777777778,7.614709844115208,3,0,2,0
251,0.8007022679239458,419,251,168,1,0.7156490045040909,2304709.3609529105,9182.10900778052,1346.0,2290.0,225,26,0.10358565737051793,234,1,5.194483191869094,0.027695055995454167,1038,27,9,197,26.88888888888889,7.622051819456376,3,2,0,1
252,0.7961042725664886,419,252,167,1,0.7148398187163922,2318139.406053075,9198.965897036012,1354.0,2290.0,226,26,0.10317460317460317,235,1,6.9059451710935456,0.034722124145329256,1250,35,9,198,27.0,7.6293566200796095,4,0,3,0
253,0.742046129525956,419,253,166,1,0.712744034242939,2347241.2709929673,9277.633482185642,1360.0,2290.0,227,26,0.10276679841897234,237,2,7.322377976753115,0.038197251696118914,1696,35,8,218,30.5,7.768184324776926,3,0,1,0
254,0.7212594336029777,419,254,165,1,0.7112054407827871,2367723.214594583,9321.744939348751,1364.0,2290.0,228,26,0.10236220472440945,237,0,5.9084131788858425,0.038036757163455885,1624,43,8,218,30.5,7.768184324776926,2,0,3,0
255,0.6662670281490973,419,255,164,1,0.708942994794337,2380839.3810819807,9336.625023850904,1372.0,2290.0,229,26,0.10196078431372549,238,1,5.259518518513552,0.05385985163185191,1518,30,8,218,30.625,7.768184324776926,4,0,2,0
256,0.7275479701166319,419,256,163,1,0.7080101115406666,2410521.7844240214,9416.100720406333,1382.0,2290.0,230,26,0.1015625,239,1,5.964936824465973,0.06384138322222133,1346,33,8,219,30.75,7.774787059601174,5,0,0,0
257,0.7969095395486018,419,257,162,1,0.7098957835956604,2424904.0096289627,9435.4241619804,1386.0,2310.0,231,26,0.10116731517509728,240,1,9.502596074528416,0.056287782797693135,1095,54,8,220,30.875,7.78135971352466,2,2,3,0
258,0.777116592077978,419,258,161,1,0.7108022048075576,2423126.91108571,9391.964771650039,1396.0,2330.0,232,26,0.10077519379844961,241,1,11.180403003582912,0.13185075055716647,1366,54,8,221,31.0,7.787902559391432,5,2,3,0
259,0.7830813716003754,419,259,160,1,0.7090819216865647,2436933.684833616,9409.010366152957,1402.0,2340.0,233,26,0.10038610038610038,242,1,4.422864983073687,0.05701048556862672,1437,27,8,222,31.125,7.794415866350106,3,1,3,0
260,0.7440983656882735,419,260,159,1,0.7090640782610272,2456993.317025603,9449.974296252318,1408.0,2350.0,234,26,0.1,243,1,5.365188127897115,0.06713775155876205,1418,32,8,223,31.25,7.800899899920305,3,1,2,0
261,0.7095552285455028,419,261,158,1,0.7067958088457699,2473487.0257862434,9476.961784621622,1416.0,2360.0,234,27,0.10344827586206896,244,1,5.860597185099162,0.07427468329833303,1950,52,8,224,31.375,7.807354922057604,4,1,1,1
262,0.6753243515991911,419,262,157,1,0.7041691205662047,2504208.725870735,9558.048572025706,1420.0,2370.0,235,27,0.10305343511450382,244,0,7.25464201447945,0.09946563941687403,2183,28,8,224,31.375,7.807354922057604,2,1,1,0
263,0.7852788809521141,419,263,156,1,0.7052130306788529,2516763.0025657443,9569.441074394465,1434.0,2380.0,236,27,0.10266159695817491,245,1,10.117619354989891,0.07184390962887485,1664,35,8,225,31.5,7.813781191217037,7,1,1,0
264,0.7941979702319946,419,264,155,1,0.7046978746156655,2524800.416536506,9563.63794142616,1444.0,2390.0,237,27,0.10227272727272728,246,1,7.283801087302223,0.0782486457495805,1711,34,9,225,28.22222222222222,7.813781191217037,5,1,3,0
265,0.7486821645394994,419,265,154,1,0.7053662266589171,2553655.5701730098,9636.436113860414,1450.0,2400.0,238,27,0.1018867924528302,247,1,6.521042853843133,0.0885029061239867,1482,41,9,226,28.333333333333332,7.820178962415188,3,1,1,0
266,0.8147776020261773,419,266,153,1,0.7065122015876708,2594329.4984102696,9753.118415076202,1458.0,2400.0,239,27,0.10150375939849623,249,2,9.408024379238096,0.0886102271290705,1415,42,9,227,28.555555555555557,7.826548487290915,4,0,0,0
267,0.5689273817734177,419,267,152,1,0.7000104241257215,2589926.686386241,9700.09994901214,1472.0,2400.0,240,27,0.10112359550561797,249,0,0.13039495757287212,0.03334634453049058,3017,3,9,227,28.555555555555557,7.826548487290915,7,0,2,0
268,0.6278621548217006,419,268,151,1,0.6980416193624907,2589955.5128655205,9664.013107707166,1480.0,2410.0,241,27,0.10074626865671642,252,3,3.885157848825236,0.10554929177799052,2471,18,9,229,28.88888888888889,7.839203788096944,4,1,3,0
269,0.7085714161550193,419,269,150,1,0.6984231732941157,2602258.8563797236,9673.824744906036,1490.0,2420.0,242,27,0.10037174721189591,253,1,14.439118829632413,0.25030949358873383,1900,72,9,230,29.0,7.845490050944375,5,1,2,0
270,0.6762780537291002,419,270,149,1,0.6955510473779828,2605122.665799464,9648.602465923941,1500.0,2440.0,243,27,0.1,254,1,3.206923726352634,0.0363236349920921,2186,18,9,231,29.11111111111111,7.851749041416057,5,2,2,0
271,0.5397302815868963,419,271,148,1,0.6905088031066718,2631663.1584266666,9710.93416393604,1502.0,2440.0,243,28,0.1033210332103321,254,0,0.0,0.0,3586,0,9,231,29.11111111111111,7.851749041416057,1,0,1,1
272,0.645520916538121,419,272,147,1,0.6883395791996714,2671252.4294372825,9820.780990578245,1508.0,2440.0,244,28,0.10294117647058823,255,1,3.185822576957674,0.09980982114153515,2851,27,9,232,29.22222222222222,7.857980995127572,3,0,0,0
273,0.7645060220618339,419,273,146,1,0.6882419304509401,2695233.2000977066,9872.649084606985,1512.0,2450.0,245,28,0.10256410256410256,256,1,2.0161778300321744,0.03176981786596162,2337,21,9,232,29.333333333333332,7.857980995127572,2,1,3,0
274,0.7153891627335079,419,274,145,1,0.687824217108338,2717551.732471645,9918.072016319871,1518.0,2450.0,246,28,0.10218978102189781,259,3,13.315071027535815,0.18527480387663453,2301,75,8,239,33.25,7.900866807980749,3,0,3,0
275,0.6788147821826176,419,275,144,1,0.6862613546937781,2730609.925418014,9929.490637883688,1524.0,2450.0,247,28,0.10181818181818182,259,0,8.141682325605652,0.1548715125983733,3077,90,8,239,33.25,7.900866807980749,3,0,4,0
276,0.7667655319875385,419,276,143,1,0.6868356776147647,2770101.878154269,10036.601007805322,1534.0,2450.0,248,28,0.10144927536231885,260,1,4.387847663418105,0.04625997719495469,1919,45,8,239,33.375,7.900866807980749,5,0,0,0
277,0.802251343885763,419,277,142,1,0.6884020496119975,2799001.7503866935,10104.69945987976,1546.0,2450.0,249,28,0.10108303249097472,261,1,4.322411920139238,0.031727200830504114,1404,46,8,240,33.5,7.906890595608519,6,0,1,0
278,0.7704054080603185,419,278,141,1,0.689023440315896,2820316.887686005,10145.024775848939,1556.0,2450.0,250,28,0.10071942446043165,262,1,5.292406056382084,0.06079994334051191,1481,41,8,240,33.625,7.906890595608519,5,0,2,0
279,0.7891423056156115,419,279,140,1,0.68983783823812,2850548.2574162376,10217.018843785798,1570.0,2450.0,251,28,0.1003584229390681,264,2,4.314460265301762,0.028985852930255476,1389,43,8,240,33.875,7.906890595608519,7,0,0,0
280,0.8158646942972225,419,280,139,1,0.6894883404221566,2903216.92835086,10368.631886967356,1576.0,2450.0,252,28,0.1,266,2,7.162511627416808,0.06768015280826833,1379,59,8,240,34.125,7.906890595608519,3,0,0,0
281,0.7590528159583061,419,281,138,1,0.6890554931479954,2922776.1151604163,10401.338488115362,1584.0,2450.0,252,29,0.10320284697508897,267,1,6.16653558304938,0.08254246642250582,1821,68,8,241,34.25,7.912889336229962,4,0,2,1
282,0.6880166325781563,419,282,137,1,0.6870312507000448,2931182.521295729,10394.264259913933,1594.0,2470.0,253,29,0.10283687943262411,268,1,6.475955936533661,0.17259071919426439,2663,79,8,241,34.375,7.912889336229962,5,2,2,0
283,0.7301563257642905,419,283,136,1,0.6878144227081673,2940983.476242043,10392.16776057259,1612.0,2490.0,254,29,0.10247349823321555,270,2,3.796078225001876,0.037890301584781134,2120,36,7,242,39.42857142857143,7.918863237274595,9,2,0,0
284,0.8021553717432167,419,284,135,1,0.6894503970806485,2972904.8806993854,10467.97493204009,1618.0,2530.0,255,29,0.10211267605633803,271,1,3.9006095720758505,0.03350337445586103,1371,43,7,242,39.57142857142857,7.918863237274595,3,4,0,0
285,0.7866457388056424,419,285,134,1,0.6896064422428416,2967097.917503681,10410.869885977829,1634.0,2530.0,256,29,0.10175438596491228,272,1,3.719255024772985,0.05457909371521477,1683,33,7,242,39.714285714285715,7.918863237274595,8,0,4,0
286,0.6208466931708553,419,286,133,1,0.6859004403905419,2997202.7891857573,10479.730032118032,1640.0,2530.0,257,29,0.10139860139860139,275,3,1.453429561593544,0.04859747500135905,2847,19,5,254,55.6,7.9886846867721655,3,0,1,0
287,0.6402443749887811,419,287,132,1,0.6837109512486259,2992464.6240369906,10426.706007097528,1648.0,2550.0,258,29,0.10104529616724739,276,1,5.429044787666915,0.1478614639276592,3198,56,5,255,55.8,7.994353436858858,4,2,4,0
288,0.6757250442742799,419,288,131,1,0.6820558239610978,2996096.9742672686,10403.114493983572,1658.0,2550.0,259,29,0.10069444444444445,277,1,5.132212885583657,0.08291601662227677,2721,38,5,256,56.0,8.0,5,0,4,0
289,0.721985771943067,419,289,130,1,0.6826436886705755,3031696.346862063,10490.298778069422,1666.0,2570.0,260,29,0.10034602076124567,278,1,3.4939976521950857,0.042512103135645365,2413,26,5,257,56.2,8.005624549193879,4,2,0,0
290,0.7290168234380191,419,290,129,1,0.6826201488664346,3047201.9626396936,10507.592974619633,1670.0,2600.0,261,29,0.1,280,2,13.101111009218503,0.30078689246612,2290,57,5,259,56.6,8.016808287686555,2,3,3,0
291,0.6415676037710082,419,291,128,1,0.6804285462132995,3032732.381547425,10421.760761331358,1690.0,2610.0,261,30,0.10309278350515463,281,1,2.778038357157167,0.060401406856268505,2562,31,5,260,56.8,8.022367813028454,10,1,2,1
292,0.6225760517964594,419,292,127,1,0.6773732323921409,3031372.431927252,10381.412438107027,1696.0,2640.0,262,30,0.10273972602739725,282,1,1.389706147785802,0.06080188497802131,2753,15,5,261,57.0,8.027905996569885,3,3,3,0
293,0.6651454701546672,419,293,126,1,0.6770982741772571,3052994.6631325814,10419.777007278435,1706.0,2640.0,263,30,0.10238907849829351,283,1,2.5173982208434964,0.08731431515202386,2493,36,5,262,57.2,8.03342300153745,5,0,2,0
294,0.5616490674045326,419,294,125,1,0.6727713730635762,3053661.5590142203,10386.60394222524,1722.0,2650.0,264,30,0.10204081632653061,283,0,0.9641190118807776,0.10545559580919667,3796,29,5,262,57.2,8.03342300153745,8,1,1,0
295,0.4500987889052643,419,295,124,1,0.6675447760915336,3084600.4983308995,10456.272875697965,1724.0,2650.0,265,30,0.1016949152542373,283,0,0.0,0.0,4435,0,5,262,57.2,8.03342300153745,1,0,1,0
296,0.49521177260439114,419,296,123,1,0.6632366653028389,3094900.205798724,10455.743938509204,1730.0,2670.0,266,30,0.10135135135135136,284,1,0.31068282649172907,0.03381934212768106,3923,11,5,263,57.4,8.038918989292302,3,2,2,0
297,0.5791799996852706,419,297,122,1,0.6608989922595813,3101120.123430288,10441.481897071677,1734.0,2700.0,267,30,0.10101010101010101,285,1,1.459574823076778,0.057501603994602746,3509,18,5,264,57.6,8.044394119358454,2,3,3,0
298,0.4521431116996377,419,298,121,1,0.6565083513245368,3109129.331434017,10433.319904140997,1740.0,2710.0,268,30,0.10067114093959731,286,1,0.394739349371113,0.03297890900014375,4557,11,5,265,57.8,8.049848549450562,3,1,2,0
299,0.427558193682207,419,299,120,1,0.6522601082271572,3119829.1644070125,10434.211252197367,1744.0,2710.0,269,30,0.10033444816053512,286,0,0.050243559281513465,0.007640475189739928,4964,5,5,265,57.8,8.049848549450562,2,0,3,0
300,0.6712569866603247,419,300,119,1,0.6527613586554387,3141972.1125860824,10473.240375286941,1754.0,2730.0,270,30,0.1,288,2,2.5889882421353443,0.07654171879208281,3163,31,5,266,58.2,8.055282435501189,5,2,1,0
301,0.7541634758921848,419,301,118,1,0.6540668860299256,3183509.606135712,10576.443874205022,1758.0,2740.0,270,31,0.10299003322259136,290,2,1.7981720540873083,0.055894421267610864,1960,23,4,277,73.0,8.113742166049189,2,1,1,1
302,0.7036113803726298,419,302,117,1,0.6539353172610949,3197851.0499235094,10588.910761336123,1768.0,2740.0,271,31,0.10264900662251655,291,1,2.845251750769691,0.01887850944784093,2410,19,4,278,73.25,8.118941072723507,5,0,3,0
303,0.4953848398154729,419,303,116,1,0.6502393123633908,3231953.1272524907,10666.511971130332,1772.0,2750.0,272,31,0.10231023102310231,292,1,0.35692908843481264,0.004634864193093191,3679,13,4,278,73.5,8.118941072723507,2,1,0,0
304,0.580180769532136,419,304,115,1,0.6480376735866966,3259922.307275546,10723.428642353769,1776.0,2750.0,273,31,0.10197368421052631,293,1,4.312501139671073,0.19150704580337977,3607,20,4,279,73.75,8.124121311829187,2,0,2,0
305,0.6485752642101055,419,305,114,1,0.6470578843168041,3284771.1635578377,10769.741519861764,1788.0,2750.0,274,31,0.10163934426229508,294,1,1.0978154699517753,0.012819570051331098,3172,28,4,280,74.0,8.129283016944967,6,0,1,0
306,0.7372980939452728,419,306,113,1,0.6479898339211368,3332645.0868989215,10890.997016009547,1792.0,2760.0,275,31,0.10130718954248366,295,1,5.471063222065785,0.06886709570658117,2727,31,4,281,74.25,8.134426320220927,2,1,1,0
307,0.680855963306499,419,307,112,1,0.6471285181134987,3362062.2275120737,10951.342760625646,1800.0,2780.0,276,31,0.10097719869706841,296,1,1.5297987722812105,0.050381764735994435,3097,19,4,282,74.5,8.139551352398794,4,2,1,0
308,0.5567702626248489,419,308,111,1,0.6446573270759248,3353768.403607607,10888.85845327145,1816.0,2780.0,277,31,0.10064935064935066,297,1,0.4294878278667122,0.016832471942715817,3723,9,4,283,74.75,8.144658242831882,8,0,3,0
309,0.37570926715904623,419,309,110,1,0.6391226959243084,3361912.495239845,10879.975712750307,1822.0,2780.0,278,31,0.10032362459546926,297,0,0.0,0.0,5385,0,4,283,74.75,8.144658242831882,3,0,2,0
310,0.4751042079070044,419,310,109,1,0.635791932836429,3373604.7745634313,10882.59604697881,1828.0,2790.0,279,31,0.1,299,2,1.135074543376077,0.07405997608812104,4405,25,3,296,100.0,8.20945336562895,3,1,2,0
311,0.5461396977980177,419,311,108,1,0.6331953125612874,3388218.7993011433,10894.594209971521,1834.0,2800.0,279,32,0.10289389067524116,300,1,0.43716460856032335,0.015758805459595453,3817,12,3,297,100.33333333333333,8.214319120800766,3,1,2,1
312,0.575864327890359,419,312,107,1,0.6315626782895019,3396590.3363568494,10886.507488323236,1848.0,2800.0,280,32,0.10256410256410256,301,1,0.6948004055104299,0.016812860100918897,3595,7,3,298,100.66666666666667,8.219168520462162,7,0,2,0
313,0.7287944766093934,419,313,106,1,0.632116310802074,3433397.8192793326,10969.322106323747,1860.0,2810.0,281,32,0.10223642172523961,302,1,0.7091633180188187,0.025710308457807148,2764,17,3,299,101.0,8.224001674198105,6,1,0,0
314,0.5781203202926652,419,314,105,1,0.6295598997011311,3448281.559323369,10981.788405488436,1862.0,2810.0,282,32,0.10191082802547771,303,1,0.45938029968642574,0.018663065187088667,3540,9,3,300,101.33333333333333,8.228818690495881,1,0,5,0
315,0.349527574766939,419,315,104,1,0.6232192929527343,3451369.435395278,10956.728366334217,1868.0,2820.0,283,32,0.10158730158730159,304,1,0.1976269063703928,0.00714519142888754,5642,2,3,301,101.66666666666667,8.233619676759702,3,1,2,0
316,0.21955534026564633,419,316,103,1,0.6150004938550033,3468920.6024876917,10977.59684331548,1872.0,2820.0,284,32,0.10126582278481013,305,1,0.2203868119710975,0.01620213941089829,6460,3,3,302,102.0,8.238404739325079,2,0,0,0
317,0.14121385093382127,419,317,102,1,0.6064074013966704,3465027.4041008614,10930.685817352874,1876.0,2820.0,285,32,0.10094637223974763,305,0,0.0,0.0,7486,0,3,302,102.0,8.238404739325079,2,0,2,0
318,0.4199033428531761,419,318,101,1,0.6022387236369546,3494746.0147054507,10989.76734184104,1882.0,2830.0,286,32,0.10062893081761007,305,0,6.438550290369516,0.34073397038153963,6171,24,3,302,102.0,8.238404739325079,3,1,0,0
319,0.25712952115473237,419,319,100,1,0.5954523292483115,3501034.745616509,10975.030550521971,1888.0,2840.0,287,32,0.10031347962382445,305,0,0.0,0.0,6952,0,3,302,102.0,8.238404739325079,3,1,1,0
320,0.288316306657908,419,320,99,1,0.5894535729586502,3513483.0887464643,10979.634652332701,1890.0,2840.0,288,32,0.1,305,0,0.0,0.0,6660,0,3,302,102.0,8.238404739325079,1,0,2,0
321,0.24977265416523212,419,321,98,1,0.5826057444055823,3532991.0965329167,11006.202792937434,1894.0,2840.0,288,33,0.102803738317757,305,0,0.0,0.0,7109,0,3,302,102.0,8.238404739325079,2,0,0,1
322,0.35229148057812903,419,322,97,1,0.5770780650920677,3548686.269202121,11020.764811186711,1898.0,2860.0,289,33,0.10248447204968944,305,0,0.0,0.0,6394,0,3,302,102.0,8.238404739325079,2,2,1,0
323,0.17290891550976872,419,323,96,1,0.5689305344960149,3554241.9192806976,11003.844951333429,1900.0,2880.0,290,33,0.1021671826625387,305,0,0.0,0.0,7686,0,3,302,102.0,8.238404739325079,1,2,1,0
324,0.2765764276135686,419,324,95,1,0.5632057468760934,3551879.4405386546,10962.590865860046,1908.0,2900.0,291,33,0.10185185185185185,306,1,0.04574331022295018,0.0030942545091672395,6620,6,3,303,102.33333333333333,8.243173983472952,4,2,1,0
325,0.45556240471694,419,325,94,1,0.5611352416319815,3579255.575463057,11013.094078347867,1914.0,2900.0,292,33,0.10153846153846154,307,1,10.026395740274381,0.6430373974980352,5768,53,3,304,102.66666666666667,8.247927513443585,3,0,1,0
326,0.5162425887406479,419,326,93,1,0.5602050811888205,3612323.601653596,11080.747244336184,1920.0,2920.0,293,33,0.10122699386503067,308,1,4.134705829574341,0.10705810729226548,5139,24,3,305,103.0,8.252665432450248,3,2,0,0
327,0.36104436318686817,419,327,92,1,0.5567075743580016,3639159.715233152,11128.928792761932,1924.0,2930.0,294,33,0.10091743119266056,308,0,0.0,0.0,6271,0,3,305,103.0,8.252665432450248,2,1,0,0
328,0.5755935003727259,419,328,91,1,0.5565970039151191,3672438.169524109,11196.457833914967,1932.0,2930.0,295,33,0.10060975609756098,308,0,0.2240937442178766,0.010448706933069445,4195,12,3,305,103.0,8.252665432450248,4,0,1,0
329,0.4933946552763937,419,329,90,1,0.5549138949163829,3691698.1114372313,11220.966904064533,1942.0,2930.0,296,33,0.10030395136778116,309,1,0.23989180435817375,0.007675805033812605,4526,4,3,306,103.33333333333333,8.257387842692651,5,0,1,0
330,0.47751345229041714,419,330,89,1,0.5530556635978062,3711691.7642392404,11247.550800724972,1952.0,2930.0,297,33,0.1,312,3,8.025612675531853,0.5990288143304062,5589,59,3,309,104.33333333333333,8.271463027904375,5,0,1,0
331,0.39496407140990136,419,331,88,1,0.549734336256653,3724416.9898350975,11252.015075030506,1960.0,2930.0,297,34,0.1027190332326284,312,0,0.09922368397238114,0.03333915781472006,6217,1,3,309,104.33333333333333,8.271463027904375,4,0,1,1
332,0.4091054361927514,419,332,87,1,0.5473385638156951,3732904.2587146377,11243.687526248908,1968.0,2940.0,298,34,0.10240963855421686,313,1,0.12868888557805258,0.004170800704701545,5941,3,3,310,104.66666666666667,8.276124405274238,4,1,2,0
333,0.42872585755148457,419,333,86,1,0.5453462191384502,3749852.786079779,11260.819177416754,1974.0,2940.0,299,34,0.1021021021021021,313,0,0.0,0.0,5874,0,3,310,104.66666666666667,8.276124405274238,3,0,2,0
334,0.2815852408633914,419,334,85,1,0.540593194008196,3753211.3153069844,11237.159626667617,1978.0,2950.0,300,34,0.10179640718562874,313,0,0.0,0.0,6779,0,3,310,104.66666666666667,8.276124405274238,2,1,2,0
335,0.31756817866237347,419,335,84,1,0.5358706761526019,3770752.18479806,11255.976671038985,1982.0,2960.0,301,34,0.10149253731343283,313,0,0.0,0.0,7050,0,3,310,104.66666666666667,8.276124405274238,2,1,1,0
336,0.3415848651159516,419,336,83,1,0.5318259357335977,3739534.1843948606,11129.566024984704,1994.0,2970.0,302,34,0.10119047619047619,313,0,0.0,0.0,6609,0,3,310,104.66666666666667,8.276124405274238,6,1,5,0
337,0.3153743156069686,419,337,82,1,0.5272934172316479,3742978.7403527396,11106.761840809317,2002.0,2990.0,303,34,0.10089020771513353,313,0,0.0,0.0,6689,0,3,310,104.66666666666667,8.276124405274238,4,2,1,0
338,0.28767327775693885,419,338,81,1,0.521925584866225,3759360.5794625194,11122.368578291478,2006.0,3000.0,304,34,0.10059171597633136,313,0,0.0,0.0,7253,0,3,310,104.66666666666667,8.276124405274238,2,1,1,0
339,0.2613243135482143,419,339,80,1,0.5159106251476621,3788795.932022975,11176.389180008775,2008.0,3000.0,305,34,0.10029498525073746,313,0,0.0,0.0,7507,0,3,310,104.66666666666667,8.276124405274238,1,0,0,0
340,0.3143757184199336,419,340,79,1,0.5122483187502787,3820008.7765582255,11235.319931053604,2012.0,3000.0,306,34,0.1,313,0,0.0,0.0,6813,0,3,310,104.66666666666667,8.276124405274238,2,0,0,0
341,0.3241605783059653,419,341,78,1,0.5087098003167638,3834311.8230169583,11244.31619653067,2016.0,3010.0,306,35,0.10263929618768329,313,0,0.0,0.0,7035,0,3,310,104.66666666666667,8.276124405274238,2,1,1,1
342,0.34653513655681184,419,342,77,1,0.5056671004877397,3841795.8346072026,11233.32115382223,2028.0,3010.0,307,35,0.1023391812865497,314,1,0.020937590952166255,0.0018018213318168142,6562,6,3,311,105.0,8.280770770130603,6,0,1,0
343,0.2843348867767509,419,343,76,1,0.5008145073395827,3867483.3827216066,11275.46175720585,2032.0,3020.0,308,35,0.10204081632653061,314,0,0.0,0.0,7624,0,3,311,105.0,8.280770770130603,2,1,0,0
344,0.3124092643172177,419,344,75,1,0.49698592716055995,3899851.777956591,11336.778424292415,2034.0,3030.0,309,35,0.10174418604651163,314,0,0.0,0.0,7343,0,3,311,105.0,8.280770770130603,1,1,0,0
345,0.3373798651899102,419,345,74,1,0.4938789533238438,3934665.1558356634,11404.826538654097,2036.0,3040.0,310,35,0.10144927536231885,314,0,0.0,0.0,6787,0,3,311,105.0,8.280770770130603,1,1,0,0
346,0.43004304200798493,419,346,73,1,0.49260380573236523,3963826.365522293,11456.145565093331,2040.0,3050.0,311,35,0.10115606936416185,314,0,0.0,0.0,6273,0,3,311,105.0,8.280770770130603,2,1,1,0
347,0.2514696848150279,419,347,72,1,0.48815713487222945,3973803.9854862606,11451.884684398445,2044.0,3050.0,312,35,0.10086455331412104,314,0,0.0,0.0,7215,0,3,311,105.0,8.280770770130603,2,0,2,0
348,0.25354659108897687,419,348,71,1,0.483711881920934,3993909.6021942324,11476.751730443197,2048.0,3060.0,313,35,0.10057471264367816,314,0,0.0,0.0,7692,0,3,311,105.0,8.280770770130603,2,1,0,0
349,0.3619099840929771,419,349,70,1,0.4815071951634957,4025995.223976196,11535.802934029214,2054.0,3060.0,314,35,0.10028653295128939,314,0,0.0,0.0,7171,0,3,311,105.0,8.280770770130603,3,0,0,0
350,0.30772527204824834,419,350,69,1,0.4786232874862132,4024914.0216954206,11499.754347701202,2060.0,3080.0,315,35,0.1,314,0,0.0,0.0,7465,0,3,311,105.0,8.280770770130603,3,2,2,0
351,0.25691498636444604,419,351,68,1,0.47513718237308944,4034274.682078019,11493.660062900339,2064.0,3080.0,315,36,0.10256410256410256,314,0,0.0,0.0,7858,0,3,311,105.0,8.280770770130603,2,0,1,1
352,0.2972424507874667,419,352,67,1,0.47203148485612867,4058455.256423917,11529.702433022492,2068.0,3080.0,316,36,0.10227272727272728,314,0,0.0,0.0,7646,0,3,311,105.0,8.280770770130603,2,0,1,0
353,0.17826136241599233,419,353,66,1,0.46783436270193723,4068878.297872902,11526.567416070544,2070.0,3090.0,317,36,0.10198300283286119,314,0,0.0,0.0,8384,0,3,311,105.0,8.280770770130603,1,1,1,0
354,0.09724832334125505,419,354,65,1,0.4614613840732969,4081179.7698518857,11528.756412010976,2072.0,3100.0,318,36,0.1016949152542373,314,0,0.0,0.0,8496,0,3,311,105.0,8.280770770130603,1,1,0,0
355,0.1117703857159241,419,355,64,1,0.4562963927159743,4075059.0445182202,11479.039562023156,2082.0,3110.0,319,36,0.10140845070422536,314,0,0.0,0.0,8520,0,3,311,105.0,8.280770770130603,5,1,0,0
356,0.13001803764264416,419,356,63,1,0.4509690571580365,4090966.1776086534,11491.478026990599,2086.0,3110.0,320,36,0.10112359550561797,314,0,0.0,0.0,8542,0,3,311,105.0,8.280770770130603,2,0,0,0
357,0.146367125692684,419,357,62,1,0.4463917449788348,4094824.365857237,11470.096262905427,2088.0,3130.0,321,36,0.10084033613445378,314,0,0.0,0.0,8567,0,3,311,105.0,8.280770770130603,1,2,1,0
358,0.23921621188499217,419,358,61,1,0.442925659190016,4102315.9471996576,11458.983092736473,2094.0,3140.0,322,36,0.1005586592178771,314,0,0.0,0.0,8002,0,3,311,105.0,8.280770770130603,3,1,1,0
359,0.17210896419301766,419,359,60,1,0.4389227569317265,4121162.977308571,11479.562610887384,2096.0,3150.0,323,36,0.10027855153203342,314,0,0.0,0.0,8514,0,3,311,105.0,8.280770770130603,1,1,0,0
360,0.2151510619745273,419,360,59,1,0.43549453413893485,4114930.124943967,11430.361458177686,2104.0,3160.0,324,36,0.1,314,0,0.0,0.0,8507,0,3,311,105.0,8.280770770130603,4,1,2,0
361,0.3059321018609487,419,361,58,1,0.43354356630048996,4122990.696514036,11421.026860149685,2106.0,3170.0,324,37,0.10249307479224377,314,0,0.0,0.0,7642,0,3,311,105.0,8.280770770130603,1,1,2,1
362,0.32862892255950243,419,362,57,1,0.4318318635841248,4134724.341700854,11421.890446687441,2114.0,3180.0,325,37,0.10220994475138122,314,0,0.0,0.0,7551,0,3,311,105.0,8.280770770130603,4,1,1,0
363,0.30308420059997465,419,363,56,1,0.4293575864754727,4151845.5037969826,11437.590919550916,2120.0,3200.0,326,37,0.10192837465564739,314,0,0.0,0.0,7748,0,3,311,105.0,8.280770770130603,3,2,0,0
364,0.18356070244738365,419,364,55,1,0.42531544857532605,4165755.738706183,11444.38389754446,2126.0,3200.0,327,37,0.10164835164835165,314,0,0.0,0.0,8528,0,3,311,105.0,8.280770770130603,3,0,0,0
365,0.05962300968396297,419,365,54,1,0.41824751946351707,4174047.90539493,11435.747686013507,2130.0,3210.0,328,37,0.10136986301369863,314,0,0.0,0.0,8760,0,3,311,105.0,8.280770770130603,2,1,0,0
